problem,EGBO,Feryal,Ikhlas,Karima,Traditional_NEHVI
DTLZ1,63862522.541342,63859501.574971,63859537.405302,63861187.793517,170683810.0188165
DTLZ2,0.702978,0.703512,0.704112,0.702999,11.479533499999999
MW3,2.002022,1.99255,2.004247,2.00742,0.6810085
MW5,1.174952,1.151033,1.153962,1.147499,0.215995
MW7,0.361571,0.379601,0.385855,0.37579,0.0832405
ZDT1,120.451863,120.57019,120.640509,120.646913,151.6870985
ZDT2,118.819699,119.274686,119.459917,119.865942,142.7818915
ZDT3,127.228852,127.439066,127.986955,127.890247,128.9536005
